{"cameraMode":{"drawMode":0,"name":"Shaded","section":"Shading Mode"},"sceneLighting":false,"audioPlay":false,"sceneViewState":{"m_AlwaysRefresh":false,"showFog":true,"showSkybox":false,"showFlares":true,"showImageEffects":true,"showParticleSystems":true,"showVisualEffectGraphs":true,"m_FxEnabled":true},"in2DMode":false,"pivot":{"x":-0.06400000303983689,"y":1.3322383165359498,"z":4.134366035461426},"rotation":{"x":0.41676169633865359,"y":-0.00818093866109848,"z":0.0037509307730942966,"w":0.9089712500572205},"size":4.807394981384277,"orthographic":false}